--
-- PostgreSQL database dump
--

\restrict rAdPcHzQb719cL1OvQsQc2anVjIqvLmmTWA6ZjzDEmqepOC90QniIQUB7gj8Lto

-- Dumped from database version 18.1
-- Dumped by pg_dump version 18.1

-- Started on 2026-01-19 19:06:36

SET statement_timeout = 0;
SET lock_timeout = 0;
SET idle_in_transaction_session_timeout = 0;
SET transaction_timeout = 0;
SET client_encoding = 'UTF8';
SET standard_conforming_strings = on;
SELECT pg_catalog.set_config('search_path', '', false);
SET check_function_bodies = false;
SET xmloption = content;
SET client_min_messages = warning;
SET row_security = off;

SET default_tablespace = '';

SET default_table_access_method = heap;

--
-- TOC entry 227 (class 1259 OID 18592)
-- Name: MaintenanceRecords; Type: TABLE; Schema: public; Owner: postgres
--

CREATE TABLE public."MaintenanceRecords" (
    "Id" integer NOT NULL,
    "VendingMachineId" integer NOT NULL,
    "MaintenanceDate" timestamp with time zone NOT NULL,
    "Description" text NOT NULL,
    "Problems" text NOT NULL,
    "MaintainerId" integer NOT NULL
);


ALTER TABLE public."MaintenanceRecords" OWNER TO postgres;

--
-- TOC entry 226 (class 1259 OID 18591)
-- Name: MaintenanceRecords_Id_seq; Type: SEQUENCE; Schema: public; Owner: postgres
--

ALTER TABLE public."MaintenanceRecords" ALTER COLUMN "Id" ADD GENERATED BY DEFAULT AS IDENTITY (
    SEQUENCE NAME public."MaintenanceRecords_Id_seq"
    START WITH 1
    INCREMENT BY 1
    NO MINVALUE
    NO MAXVALUE
    CACHE 1
);


--
-- TOC entry 221 (class 1259 OID 18526)
-- Name: Products; Type: TABLE; Schema: public; Owner: postgres
--

CREATE TABLE public."Products" (
    "Id" integer NOT NULL,
    "InventoryNumber" text NOT NULL,
    "Name" text NOT NULL,
    "Description" text NOT NULL,
    "Price" numeric NOT NULL,
    "StockQuantity" integer NOT NULL,
    "MinimumStockLevel" integer NOT NULL,
    "SalesTendency" text NOT NULL
);


ALTER TABLE public."Products" OWNER TO postgres;

--
-- TOC entry 220 (class 1259 OID 18525)
-- Name: Products_Id_seq; Type: SEQUENCE; Schema: public; Owner: postgres
--

ALTER TABLE public."Products" ALTER COLUMN "Id" ADD GENERATED BY DEFAULT AS IDENTITY (
    SEQUENCE NAME public."Products_Id_seq"
    START WITH 1
    INCREMENT BY 1
    NO MINVALUE
    NO MAXVALUE
    CACHE 1
);


--
-- TOC entry 229 (class 1259 OID 18616)
-- Name: Sales; Type: TABLE; Schema: public; Owner: postgres
--

CREATE TABLE public."Sales" (
    "Id" integer NOT NULL,
    "VendingMachineId" integer NOT NULL,
    "ProductId" integer NOT NULL,
    "Quantity" integer NOT NULL,
    "SaleAmount" numeric NOT NULL,
    "SaleDateTime" timestamp with time zone NOT NULL,
    "PaymentMethodSale" integer NOT NULL
);


ALTER TABLE public."Sales" OWNER TO postgres;

--
-- TOC entry 228 (class 1259 OID 18615)
-- Name: Sales_Id_seq; Type: SEQUENCE; Schema: public; Owner: postgres
--

ALTER TABLE public."Sales" ALTER COLUMN "Id" ADD GENERATED BY DEFAULT AS IDENTITY (
    SEQUENCE NAME public."Sales_Id_seq"
    START WITH 1
    INCREMENT BY 1
    NO MINVALUE
    NO MAXVALUE
    CACHE 1
);


--
-- TOC entry 223 (class 1259 OID 18542)
-- Name: Users; Type: TABLE; Schema: public; Owner: postgres
--

CREATE TABLE public."Users" (
    "Id" integer NOT NULL,
    "FIO" text NOT NULL,
    "Email" text NOT NULL,
    "Phone" text,
    "Role" integer NOT NULL
);


ALTER TABLE public."Users" OWNER TO postgres;

--
-- TOC entry 222 (class 1259 OID 18541)
-- Name: Users_Id_seq; Type: SEQUENCE; Schema: public; Owner: postgres
--

ALTER TABLE public."Users" ALTER COLUMN "Id" ADD GENERATED BY DEFAULT AS IDENTITY (
    SEQUENCE NAME public."Users_Id_seq"
    START WITH 1
    INCREMENT BY 1
    NO MINVALUE
    NO MAXVALUE
    CACHE 1
);


--
-- TOC entry 225 (class 1259 OID 18554)
-- Name: VendingMachines; Type: TABLE; Schema: public; Owner: postgres
--

CREATE TABLE public."VendingMachines" (
    "Id" integer NOT NULL,
    "Location" text NOT NULL,
    "Model" text NOT NULL,
    "Type" text NOT NULL,
    "TotalRevenue" numeric NOT NULL,
    "SerialNumber" text,
    "InventoryNumber" text,
    "Manufacturer" text NOT NULL,
    "ManufactureDate" timestamp with time zone NOT NULL,
    "CommissioningDate" timestamp with time zone NOT NULL,
    "LastCalibrationDate" timestamp with time zone NOT NULL,
    "CalibrationIntervalMonths" integer NOT NULL,
    "ResourceHours" integer NOT NULL,
    "NextMaintenanceDate" timestamp with time zone NOT NULL,
    "MaintenanceDurationHours" integer NOT NULL,
    "Status" text NOT NULL,
    "ProductionCountry" text NOT NULL,
    "InventoryDate" timestamp with time zone NOT NULL,
    "UserId" integer NOT NULL,
    CONSTRAINT check_calibration_interval_positive CHECK (("CalibrationIntervalMonths" > 0)),
    CONSTRAINT check_commissioning_date CHECK ((("CommissioningDate" >= "ManufactureDate") AND ("CommissioningDate" <= CURRENT_DATE))),
    CONSTRAINT check_inventory_date CHECK ((("InventoryDate" >= "ManufactureDate") AND ("InventoryDate" <= CURRENT_DATE))),
    CONSTRAINT check_last_calibration_date CHECK ((("LastCalibrationDate" >= "ManufactureDate") AND ("LastCalibrationDate" <= CURRENT_DATE))),
    CONSTRAINT check_maintenance_duration_range CHECK ((("MaintenanceDurationHours" >= 1) AND ("MaintenanceDurationHours" <= 20))),
    CONSTRAINT check_next_maintenance_date CHECK (("NextMaintenanceDate" > "ManufactureDate")),
    CONSTRAINT check_resource_hours_positive CHECK (("ResourceHours" > 0)),
    CONSTRAINT check_total_revenue_positive CHECK (("TotalRevenue" >= (0)::numeric))
);


ALTER TABLE public."VendingMachines" OWNER TO postgres;

--
-- TOC entry 224 (class 1259 OID 18553)
-- Name: VendingMachines_Id_seq; Type: SEQUENCE; Schema: public; Owner: postgres
--

ALTER TABLE public."VendingMachines" ALTER COLUMN "Id" ADD GENERATED BY DEFAULT AS IDENTITY (
    SEQUENCE NAME public."VendingMachines_Id_seq"
    START WITH 1
    INCREMENT BY 1
    NO MINVALUE
    NO MAXVALUE
    CACHE 1
);


--
-- TOC entry 219 (class 1259 OID 18518)
-- Name: __EFMigrationsHistory; Type: TABLE; Schema: public; Owner: postgres
--

CREATE TABLE public."__EFMigrationsHistory" (
    "MigrationId" character varying(150) NOT NULL,
    "ProductVersion" character varying(32) NOT NULL
);


ALTER TABLE public."__EFMigrationsHistory" OWNER TO postgres;

--
-- TOC entry 5067 (class 0 OID 18592)
-- Dependencies: 227
-- Data for Name: MaintenanceRecords; Type: TABLE DATA; Schema: public; Owner: postgres
--

INSERT INTO public."MaintenanceRecords" VALUES (1, 1, '2023-10-15 00:00:00+03', 'Замена кассетного механизма, очистка монетоприемника, пополнение товара', 'Заедал механизм выдачи снэков', 1);
INSERT INTO public."MaintenanceRecords" VALUES (2, 2, '2023-11-22 00:00:00+03', 'Прошивка контроллера, диагностика системы охлаждения', 'Сбой в работе платежного терминала', 2);
INSERT INTO public."MaintenanceRecords" VALUES (3, 3, '2023-09-05 00:00:00+03', 'Замена компрессора, очистка внутренних поверхностей, пополнение товара', 'Не держал температуру в холодильном блоке', 3);
INSERT INTO public."MaintenanceRecords" VALUES (4, 4, '2023-12-12 00:00:00+03', 'Чистка дисплея, замена роликов конвейера для товара', 'Посторонний шум при выдаче товара', 4);
INSERT INTO public."MaintenanceRecords" VALUES (5, 5, '2023-07-30 00:00:00+03', 'Полная диагностика, замена блока управления, пополнение товара', 'Аппарат не включался', 5);
INSERT INTO public."MaintenanceRecords" VALUES (6, 6, '2024-01-18 00:00:00+03', 'Настройка сетевого подключения, обновление ПО, пополнение товара', 'Не передавал данные о продажах', 6);
INSERT INTO public."MaintenanceRecords" VALUES (7, 7, '2024-03-25 00:00:00+03', 'Замена купюроприемника, очистка вендинговых спиралей', 'Не принимал купюры номиналом 100 и 500 рублей', 7);
INSERT INTO public."MaintenanceRecords" VALUES (8, 8, '2024-05-14 00:00:00+03', 'Замена аккумулятора резервного питания, санитарная обработка', 'Разряжался резервный аккумулятор', 8);
INSERT INTO public."MaintenanceRecords" VALUES (9, 9, '2024-02-08 00:00:00+03', 'Регулировка датчиков наличия товара, пополнение товара', 'Ложные срабатывания датчиков "товар отсутствует"', 9);
INSERT INTO public."MaintenanceRecords" VALUES (10, 10, '2023-11-11 00:00:00+03', 'Замена системы освещения, ремонт дверного замка', 'Перегорела светодиодная подсветка, заедал замок', 10);
INSERT INTO public."MaintenanceRecords" VALUES (11, 11, '2024-04-19 00:00:00+03', 'Профилактика монетного механизма, пополнение товара', 'Заниженная точность сдачи', 11);
INSERT INTO public."MaintenanceRecords" VALUES (12, 12, '2024-03-03 00:00:00+03', 'Чистка вентиляторов охлаждения, диагностика платежных систем', 'Перегрев основного контроллера', 12);
INSERT INTO public."MaintenanceRecords" VALUES (13, 13, '2023-08-28 00:00:00+03', 'Замена термопринтера для чеков, пополнение товара', 'Не печатал чеки, зажевывал бумагу', 13);
INSERT INTO public."MaintenanceRecords" VALUES (14, 14, '2024-06-17 00:00:00+03', 'Замена компрессора и термостата, антибактериальная чистка', 'Полный отказ холодильного агрегата', 14);
INSERT INTO public."MaintenanceRecords" VALUES (15, 15, '2024-02-22 00:00:00+03', 'Обновление криптографических ключей, пополнение товара', 'Ошибки при оплате картой (недействительный сертификат)', 15);
INSERT INTO public."MaintenanceRecords" VALUES (16, 16, '2024-07-07 00:00:00+03', 'Регулировка механизма поворота спиралей, пополнение товара', 'Не прокручивались спирали для выдачи товара', 16);
INSERT INTO public."MaintenanceRecords" VALUES (17, 17, '2023-10-10 00:00:00+03', 'Замена основного ЖК-дисплея, диагностика', 'Появились мертвые пиксели на экране', 17);
INSERT INTO public."MaintenanceRecords" VALUES (18, 18, '2023-12-05 00:00:00+03', 'Чистка дренажной системы для конденсата, пополнение товара', 'Подтекание воды из холодильного отсека', 18);
INSERT INTO public."MaintenanceRecords" VALUES (19, 19, '2024-05-29 00:00:00+03', 'Калибровка весов для монет, пополнение товара', 'Неправильно считал сумму внесенных монет', 19);
INSERT INTO public."MaintenanceRecords" VALUES (20, 19, '2024-01-13 00:00:00+03', 'Замена дверных уплотнителей, комплексная чистка', 'Потеря герметичности холодильной камеры', 20);


--
-- TOC entry 5061 (class 0 OID 18526)
-- Dependencies: 221
-- Data for Name: Products; Type: TABLE DATA; Schema: public; Owner: postgres
--

INSERT INTO public."Products" VALUES (1, 'VEND-COFF-001', 'Капсула кофе "Эспрессо Премиум"', 'Темная обжарка, 100% арабика, 7г, интенсивный вкус', 85, 120, 30, 'Очень высокая');
INSERT INTO public."Products" VALUES (2, 'VEND-SNACK-002', 'Чипсы "Сырные"', 'Хрустящие чипсы со вкусом сыра, 45г', 65, 75, 20, 'Высокая');
INSERT INTO public."Products" VALUES (3, 'VEND-DRINK-003', 'Вода негазированная "Горный родник"', 'Питьевая вода, 0.5 л', 55, 200, 50, 'Высокая');
INSERT INTO public."Products" VALUES (4, 'VEND-SWEET-004', 'Шоколадный батончик "Энерджи"', 'Молочный шоколад, орехи, карамель, 55г', 110, 60, 15, 'Высокая');
INSERT INTO public."Products" VALUES (5, 'VEND-COFF-005', 'Капсула кофе "Латте Делюкс"', 'Средняя обжарка с нотками карамели, 7г', 90, 95, 25, 'Высокая');
INSERT INTO public."Products" VALUES (6, 'VEND-SNACK-006', 'Печенье с шоколадом', 'Два печенья с кусочками темного шоколада, 50г', 75, 40, 12, 'Средняя');
INSERT INTO public."Products" VALUES (7, 'VEND-DRINK-007', 'Энергетический напиток "Буст"', 'Цитрусовый вкус, 0.33 л, с кофеином', 150, 35, 10, 'Средняя');
INSERT INTO public."Products" VALUES (8, 'VEND-HEALTH-008', 'Батончик-мюсли "Фитнес"', 'С ягодами годжи и семенами, без сахара, 40г', 120, 25, 8, 'Низкая');
INSERT INTO public."Products" VALUES (9, 'VEND-TEA-009', 'Чай черный "Английский завтрак"', 'Пакетированный, 20 шт в упаковке', 130, 30, 10, 'Средняя');
INSERT INTO public."Products" VALUES (10, 'VEND-SNACK-010', 'Крекеры "Соленые"', 'Слоеные крекеры с морской солью, 40г', 60, 80, 25, 'Средняя');
INSERT INTO public."Products" VALUES (11, 'VEND-DRINK-011', 'Сок апельсиновый "Фреш"', 'Восстановленный сок, 0.2 л, без мякоти', 95, 110, 30, 'Высокая');
INSERT INTO public."Products" VALUES (12, 'VEND-SWEET-012', 'Жевательная резинка "Мятная"', 'Освежающая, без сахара, 12 шт', 45, 150, 40, 'Высокая');
INSERT INTO public."Products" VALUES (13, 'VEND-COFF-013', 'Капсула кофе "Ристретто"', 'Очень темная обжарка, 7г, для любителей горечи', 88, 70, 18, 'Средняя');
INSERT INTO public."Products" VALUES (14, 'VEND-SNACK-014', 'Орехи кешью жареные', 'Слегка подсоленные, 35г', 140, 20, 6, 'Низкая');
INSERT INTO public."Products" VALUES (15, 'VEND-DRINK-015', 'Газировка "Лимон-лайм"', 'Классический освежающий вкус, 0.33 л', 80, 65, 15, 'Средняя');
INSERT INTO public."Products" VALUES (16, 'VEND-HEALTH-016', 'Йогурт питьевой "Натуральный"', 'Без добавок, 1.5% жирности, 0.25 л', 110, 15, 5, 'Низкая');
INSERT INTO public."Products" VALUES (17, 'VEND-SWEET-017', 'Пряник "Тульский"', 'Традиционный пряник с вареньем, 80г', 95, 50, 12, 'Средняя');
INSERT INTO public."Products" VALUES (18, 'VEND-TEA-018', 'Чай зеленый "Жасминовый"', 'Пакетированный, 20 шт в упаковке', 125, 22, 7, 'Низкая');
INSERT INTO public."Products" VALUES (19, 'VEND-SNACK-019', 'Сухарики "Ржаные"', 'Со вкусом зелени и сметаны, 50г', 70, 90, 22, 'Высокая');
INSERT INTO public."Products" VALUES (20, 'VEND-DRINK-020', 'Молочный коктейль "Шоколадный"', 'Готовый напиток, 0.25 л', 135, 18, 5, 'Низкая');


--
-- TOC entry 5069 (class 0 OID 18616)
-- Dependencies: 229
-- Data for Name: Sales; Type: TABLE DATA; Schema: public; Owner: postgres
--

INSERT INTO public."Sales" VALUES (1, 1, 1, 1, 85, '2024-10-15 08:15:00+03', 0);
INSERT INTO public."Sales" VALUES (2, 2, 2, 2, 110, '2024-10-15 10:30:00+03', 1);
INSERT INTO public."Sales" VALUES (3, 3, 3, 1, 110, '2024-10-15 12:45:00+03', 2);
INSERT INTO public."Sales" VALUES (4, 4, 4, 1, 75, '2024-10-15 14:20:00+03', 1);
INSERT INTO public."Sales" VALUES (5, 5, 5, 1, 90, '2024-10-15 16:05:00+03', 0);
INSERT INTO public."Sales" VALUES (6, 6, 6, 1, 150, '2024-10-15 18:50:00+03', 1);
INSERT INTO public."Sales" VALUES (7, 7, 7, 3, 180, '2024-10-16 09:10:00+03', 2);
INSERT INTO public."Sales" VALUES (8, 8, 8, 1, 95, '2024-10-16 11:25:00+03', 1);
INSERT INTO public."Sales" VALUES (9, 9, 9, 2, 90, '2024-10-16 13:40:00+03', 0);
INSERT INTO public."Sales" VALUES (10, 10, 10, 1, 88, '2024-10-16 15:15:00+03', 2);
INSERT INTO public."Sales" VALUES (11, 11, 11, 1, 140, '2024-10-16 17:30:00+03', 1);
INSERT INTO public."Sales" VALUES (12, 12, 12, 1, 80, '2024-10-17 08:45:00+03', 0);
INSERT INTO public."Sales" VALUES (13, 13, 13, 1, 110, '2024-10-17 12:00:00+03', 1);
INSERT INTO public."Sales" VALUES (14, 14, 14, 2, 190, '2024-10-17 14:35:00+03', 2);
INSERT INTO public."Sales" VALUES (15, 15, 15, 1, 125, '2024-10-17 16:50:00+03', 1);
INSERT INTO public."Sales" VALUES (16, 16, 16, 1, 70, '2024-10-18 10:05:00+03', 0);
INSERT INTO public."Sales" VALUES (17, 17, 17, 1, 135, '2024-10-18 13:20:00+03', 2);
INSERT INTO public."Sales" VALUES (18, 18, 18, 2, 170, '2024-10-18 15:45:00+03', 1);
INSERT INTO public."Sales" VALUES (19, 19, 19, 1, 65, '2024-10-19 09:30:00+03', 0);
INSERT INTO public."Sales" VALUES (20, 19, 20, 1, 55, '2024-10-19 11:55:00+03', 2);


--
-- TOC entry 5063 (class 0 OID 18542)
-- Dependencies: 223
-- Data for Name: Users; Type: TABLE DATA; Schema: public; Owner: postgres
--

INSERT INTO public."Users" VALUES (1, 'Иванов Сергей Петрович', 's.ivanov@vendcorp.ru', '89183241', 1);
INSERT INTO public."Users" VALUES (2, 'Петрова Анна Владимировна', 'a.petrova@vendcorp.ru', '89183241', 2);
INSERT INTO public."Users" VALUES (3, 'Сидоров Дмитрий Игоревич', 'd.sidorov@vendcorp.ru', '89183241', 3);
INSERT INTO public."Users" VALUES (4, 'Кузнецова Елена Олеговна', 'e.kuznetsova@vendcorp.ru', '89183241', 4);
INSERT INTO public."Users" VALUES (5, 'Васильев Максим Андреевич', 'm.vasilev@vendcorp.ru', '89183241', 5);
INSERT INTO public."Users" VALUES (6, 'Николаева Ольга Сергеевна', 'o.nikolaeva@vendcorp.ru', '89183241', 2);
INSERT INTO public."Users" VALUES (7, 'Морозов Иван Алексеевич', 'i.morozov@vendcorp.ru', '89183241', 3);
INSERT INTO public."Users" VALUES (8, 'Павлова Татьяна Михайловна', 't.pavlova@vendcorp.ru', '89183241', 4);
INSERT INTO public."Users" VALUES (9, 'Семенов Алексей Викторович', 'a.semenov@vendcorp.ru', '89183241', 5);
INSERT INTO public."Users" VALUES (10, 'Федорова Мария Дмитриевна', 'm.fedorova@vendcorp.ru', '89183241', 2);
INSERT INTO public."Users" VALUES (11, 'Козлов Андрей Николаевич', 'a.kozlov@vendcorp.ru', '89183241', 3);
INSERT INTO public."Users" VALUES (12, 'Орлова Юлия Павловна', 'j.orlova@vendcorp.ru', '89183241', 4);
INSERT INTO public."Users" VALUES (13, 'Лебедев Павел Константинович', 'p.lebedev@vendcorp.ru', '89183241', 1);
INSERT INTO public."Users" VALUES (14, 'Соколова Анастасия Игоревна', 'a.sokolova@vendcorp.ru', '89183241', 5);
INSERT INTO public."Users" VALUES (15, 'Волков Николай Степанович', 'n.volkov@vendcorp.ru', '89183241', 2);
INSERT INTO public."Users" VALUES (16, 'Зайцева Екатерина Валерьевна', 'e.zaitseva@vendcorp.ru', '89183241', 3);
INSERT INTO public."Users" VALUES (17, 'Ершов Владислав Борисович', 'v.ershov@vendcorp.ru', '89183241', 4);
INSERT INTO public."Users" VALUES (18, 'Титова Виктория Александровна', 'v.titova@vendcorp.ru', '89183241', 5);
INSERT INTO public."Users" VALUES (19, 'Белов Артем Геннадьевич', 'a.belov@vendcorp.ru', '89183241', 2);
INSERT INTO public."Users" VALUES (20, 'Калинина Инна Романовна', 'i.kalinina@vendcorp.ru', '89183241', 1);


--
-- TOC entry 5065 (class 0 OID 18554)
-- Dependencies: 225
-- Data for Name: VendingMachines; Type: TABLE DATA; Schema: public; Owner: postgres
--

INSERT INTO public."VendingMachines" VALUES (9, 'Пирогова 11', 'СКУД-Г2', 'Наличные', 23000, 'RG5000-OP9012', 'ТА-009-2023', 'ВендингСупер', '2020-10-10 00:00:00+03', '2020-10-25 00:00:00+03', '2023-11-08 00:00:00+03', 12, 4, '2025-01-15 00:00:00+03', 7, 'Работает', 'Россия', '2025-10-23 00:00:00+03', 9);
INSERT INTO public."VendingMachines" VALUES (10, 'Лермонтово 56', 'ВП-150', 'Наличные', 32000, 'SKUDG2-QR3456', 'ТА-010-2020', 'ВендингЭлектро', '2022-06-18 00:00:00+03', '2022-08-05 00:00:00+03', '2024-02-14 00:00:00+03', 24, 21, '2024-07-20 00:00:00+03', 12, 'Вышел из строя', 'Россия', '2025-10-24 00:00:00+03', 10);
INSERT INTO public."VendingMachines" VALUES (1, 'ТЦ Космос', 'ВП-200', 'Карта/наличные', 36000, 'VP200-XA12345', 'ТА-001-2023', 'ВендингПро', '2022-03-10 00:00:00+03', '2022-04-15 00:00:00+03', '2024-01-20 00:00:00+03', 12, 8, '2024-11-15 00:00:00+03', 4, 'Работает', 'Россия', '2025-10-15 00:00:00+03', 1);
INSERT INTO public."VendingMachines" VALUES (2, 'ТЦ Европейский', 'АК-1250', 'Карта ', 54000, 'AK1250-B78901', 'ТА-002-2022', 'ВендингМастер', '2021-11-05 00:00:00+03', '2021-12-20 00:00:00+03', '2024-03-10 00:00:00+03', 24, 12, '2024-09-01 00:00:00+03', 8, 'В ремонте/на обслуживании', 'Германия', '2025-10-16 00:00:00+03', 2);
INSERT INTO public."VendingMachines" VALUES (3, 'Гагарина 56', 'ТС-500', 'Наличные', 70000, 'TC500-C34567', 'ТА-003-2021', 'ВендингСупер', '2020-07-15 00:00:00+03', '2020-09-10 00:00:00+03', '2023-12-05 00:00:00+03', 18, 27, '2024-08-20 00:00:00+03', 6, 'Работает', 'Россия', '2025-10-17 00:00:00+03', 3);
INSERT INTO public."VendingMachines" VALUES (4, 'Ленина 48', 'ПД-100', 'Карта/наличные', 28000, 'PD100-FG8901', 'ТА-004-2023', 'ВендингСтатус', '2019-09-10 00:00:00+03', '2019-11-15 00:00:00+03', '2024-02-25 00:00:00+03', 6, 3, '2024-10-10 00:00:00+03', 3, 'Вышел из строя', 'Китай', '2025-10-18 00:00:00+03', 4);
INSERT INTO public."VendingMachines" VALUES (5, 'Пушкина 97', 'КС-ТВ-7', 'Наличные', 27500, 'KSTV7-H12345', 'ТА-005-2020', 'ВендингПремиум', '2023-05-12 00:00:00+03', '2023-07-01 00:00:00+03', '2024-04-30 00:00:00+03', 36, 45, '2024-12-15 00:00:00+03', 18, 'Работает', 'Россия', '2025-10-19 00:00:00+03', 5);
INSERT INTO public."VendingMachines" VALUES (6, 'Доваторцев 42', 'СЧ-М', 'Карта ', 34200, 'SCHM-J67890', 'ТА-006-2023', 'ВендингКласс', '2022-08-30 00:00:00+03', '2022-10-10 00:00:00+03', '2024-01-12 00:00:00+03', 12, 1, '2024-11-25 00:00:00+03', 2, 'Работает', 'Беларусь', '2025-10-20 00:00:00+03', 6);
INSERT INTO public."VendingMachines" VALUES (7, 'Лермонтово 1', 'ИП-270', 'Карта ', 33800, 'IP270-KL2345', 'ТА-007-2022', 'ВендингЛаб', '2021-04-22 00:00:00+03', '2021-05-30 00:00:00+03', '2024-06-18 00:00:00+03', 12, 6, '2024-12-05 00:00:00+03', 5, 'В ремонте/на обслуживании', 'Китай', '2025-10-21 00:00:00+03', 7);
INSERT INTO public."VendingMachines" VALUES (8, 'Семашко 13', 'РГ-5000', 'Карта ', 21500, 'XLA2-MN5678', 'ТА-008-2021', 'ВендингТехно', '2023-02-15 00:00:00+03', '2023-04-01 00:00:00+03', '2024-03-22 00:00:00+03', 18, 15, '2025-03-30 00:00:00+03', 10, 'Работает', 'Германия', '2025-10-22 00:00:00+03', 8);
INSERT INTO public."VendingMachines" VALUES (11, 'ТРЦ Солнечный', 'ЩР-Н-24', 'Карта/наличные', 40000, 'VP150-ST7890', 'ТА-011-2022', 'ВендингМега', '2023-03-25 00:00:00+03', '2023-05-15 00:00:00+03', '2024-05-03 00:00:00+03', 12, 7, '2024-09-10 00:00:00+03', 4, 'Работает', 'Россия', '2025-10-25 00:00:00+03', 11);
INSERT INTO public."VendingMachines" VALUES (12, 'Парк победы', 'ГК-400', 'Карта/наличные', 44000, '', 'ТА-012-2023', 'ВендингИнфо', '2021-12-12 00:00:00+03', '2022-01-20 00:00:00+03', '2024-02-28 00:00:00+03', 6, 980, '2024-12-25 00:00:00+03', 15, 'Работает', 'Россия', '2025-10-26 00:00:00+03', 12);
INSERT INTO public."VendingMachines" VALUES (13, 'Революционная 79', 'ВП-200', 'Карта/наличные', 52000, 'SCHN24-UV1234', 'ТА-013-2021', 'ВендингСтав', '2019-05-05 00:00:00+03', '2019-07-01 00:00:00+03', '2024-01-10 00:00:00+03', 12, 9, '2024-08-15 00:00:00+03', 6, 'В ремонте/на обслуживании', 'Швейцария', '2025-10-27 00:00:00+03', 13);
INSERT INTO public."VendingMachines" VALUES (14, 'Серова 11', 'ВП-200', 'Карта/наличные', 98000, 'GSMS5-YZ9012', 'ТА-014-2019', 'ВендингКорус', '2022-07-10 00:00:00+03', '2022-09-01 00:00:00+03', '2024-04-25 00:00:00+03', 24, 32, '2024-10-01 00:00:00+03', 8, 'Работает', 'Россия', '2025-10-28 00:00:00+03', 14);
INSERT INTO public."VendingMachines" VALUES (15, 'Шпаковская 59', 'ИП-270', 'Карта ', 86000, 'UPS10-AB2345', 'ТА-015-2022', 'ВендингНев', '2023-04-08 00:00:00+03', '2023-05-20 00:00:00+03', '2024-06-12 00:00:00+03', 12, 5, '2024-11-10 00:00:00+03', 20, 'Работает', 'США', '2025-10-29 00:00:00+03', 15);
INSERT INTO public."VendingMachines" VALUES (16, 'Тухачевского 125', 'СКУД-Г2', 'Карта ', 72000, 'GK400-CD6789', 'ТА-016-2023', 'ВендингСериал', '2021-02-20 00:00:00+03', '2021-04-10 00:00:00+03', '2024-03-08 00:00:00+03', 6, 2, '2025-02-05 00:00:00+03', 5, 'Работает', 'Россия', '2025-10-30 00:00:00+03', 16);
INSERT INTO public."VendingMachines" VALUES (17, 'Гагарина 298', 'ПД-100', 'Карта ', 56000, 'DM1000-EF7890', 'ТА-017-2021', 'ВендингПромо', '2020-08-15 00:00:00+03', '2020-09-30 00:00:00+03', '2024-05-05 00:00:00+03', 18, 14, '2024-12-20 00:00:00+03', 9, 'Вышел из строя', 'Италия', '2025-10-31 00:00:00+03', 17);
INSERT INTO public."VendingMachines" VALUES (18, 'Семашко 511', 'ТС-500', 'Карта ', 73200, 'OV5-GH1234', 'ТА-018-2020', 'ВендингГрамо', '2022-11-30 00:00:00+03', '2023-01-15 00:00:00+03', '2024-04-20 00:00:00+03', 48, 38, '2025-09-10 00:00:00+03', 16, 'Работает', 'Россия', '2025-11-01 00:00:00+03', 18);
INSERT INTO public."VendingMachines" VALUES (19, 'Серова 256', 'КС-ТВ-7', 'Карта ', 68400, 'KP7-IJ5678', 'ТА-019-2022', 'ВендингСтар', '2023-06-25 00:00:00+03', '2023-08-10 00:00:00+03', '2024-05-02 00:00:00+03', 12, 8, '2024-10-30 00:00:00+03', 4, 'Работает', 'Россия', '2025-11-02 00:00:00+03', 19);


--
-- TOC entry 5059 (class 0 OID 18518)
-- Dependencies: 219
-- Data for Name: __EFMigrationsHistory; Type: TABLE DATA; Schema: public; Owner: postgres
--

INSERT INTO public."__EFMigrationsHistory" VALUES ('20260119155731_Init', '10.0.2');


--
-- TOC entry 5075 (class 0 OID 0)
-- Dependencies: 226
-- Name: MaintenanceRecords_Id_seq; Type: SEQUENCE SET; Schema: public; Owner: postgres
--

SELECT pg_catalog.setval('public."MaintenanceRecords_Id_seq"', 1, false);


--
-- TOC entry 5076 (class 0 OID 0)
-- Dependencies: 220
-- Name: Products_Id_seq; Type: SEQUENCE SET; Schema: public; Owner: postgres
--

SELECT pg_catalog.setval('public."Products_Id_seq"', 1, false);


--
-- TOC entry 5077 (class 0 OID 0)
-- Dependencies: 228
-- Name: Sales_Id_seq; Type: SEQUENCE SET; Schema: public; Owner: postgres
--

SELECT pg_catalog.setval('public."Sales_Id_seq"', 1, false);


--
-- TOC entry 5078 (class 0 OID 0)
-- Dependencies: 222
-- Name: Users_Id_seq; Type: SEQUENCE SET; Schema: public; Owner: postgres
--

SELECT pg_catalog.setval('public."Users_Id_seq"', 1, false);


--
-- TOC entry 5079 (class 0 OID 0)
-- Dependencies: 224
-- Name: VendingMachines_Id_seq; Type: SEQUENCE SET; Schema: public; Owner: postgres
--

SELECT pg_catalog.setval('public."VendingMachines_Id_seq"', 1, false);


--
-- TOC entry 4902 (class 2606 OID 18604)
-- Name: MaintenanceRecords PK_MaintenanceRecords; Type: CONSTRAINT; Schema: public; Owner: postgres
--

ALTER TABLE ONLY public."MaintenanceRecords"
    ADD CONSTRAINT "PK_MaintenanceRecords" PRIMARY KEY ("Id");


--
-- TOC entry 4891 (class 2606 OID 18540)
-- Name: Products PK_Products; Type: CONSTRAINT; Schema: public; Owner: postgres
--

ALTER TABLE ONLY public."Products"
    ADD CONSTRAINT "PK_Products" PRIMARY KEY ("Id");


--
-- TOC entry 4906 (class 2606 OID 18629)
-- Name: Sales PK_Sales; Type: CONSTRAINT; Schema: public; Owner: postgres
--

ALTER TABLE ONLY public."Sales"
    ADD CONSTRAINT "PK_Sales" PRIMARY KEY ("Id");


--
-- TOC entry 4893 (class 2606 OID 18552)
-- Name: Users PK_Users; Type: CONSTRAINT; Schema: public; Owner: postgres
--

ALTER TABLE ONLY public."Users"
    ADD CONSTRAINT "PK_Users" PRIMARY KEY ("Id");


--
-- TOC entry 4896 (class 2606 OID 18585)
-- Name: VendingMachines PK_VendingMachines; Type: CONSTRAINT; Schema: public; Owner: postgres
--

ALTER TABLE ONLY public."VendingMachines"
    ADD CONSTRAINT "PK_VendingMachines" PRIMARY KEY ("Id");


--
-- TOC entry 4889 (class 2606 OID 18524)
-- Name: __EFMigrationsHistory PK___EFMigrationsHistory; Type: CONSTRAINT; Schema: public; Owner: postgres
--

ALTER TABLE ONLY public."__EFMigrationsHistory"
    ADD CONSTRAINT "PK___EFMigrationsHistory" PRIMARY KEY ("MigrationId");


--
-- TOC entry 4899 (class 1259 OID 18640)
-- Name: IX_MaintenanceRecords_MaintainerId; Type: INDEX; Schema: public; Owner: postgres
--

CREATE INDEX "IX_MaintenanceRecords_MaintainerId" ON public."MaintenanceRecords" USING btree ("MaintainerId");


--
-- TOC entry 4900 (class 1259 OID 18641)
-- Name: IX_MaintenanceRecords_VendingMachineId; Type: INDEX; Schema: public; Owner: postgres
--

CREATE INDEX "IX_MaintenanceRecords_VendingMachineId" ON public."MaintenanceRecords" USING btree ("VendingMachineId");


--
-- TOC entry 4903 (class 1259 OID 18642)
-- Name: IX_Sales_ProductId; Type: INDEX; Schema: public; Owner: postgres
--

CREATE INDEX "IX_Sales_ProductId" ON public."Sales" USING btree ("ProductId");


--
-- TOC entry 4904 (class 1259 OID 18643)
-- Name: IX_Sales_VendingMachineId; Type: INDEX; Schema: public; Owner: postgres
--

CREATE INDEX "IX_Sales_VendingMachineId" ON public."Sales" USING btree ("VendingMachineId");


--
-- TOC entry 4894 (class 1259 OID 18644)
-- Name: IX_VendingMachines_UserId; Type: INDEX; Schema: public; Owner: postgres
--

CREATE INDEX "IX_VendingMachines_UserId" ON public."VendingMachines" USING btree ("UserId");


--
-- TOC entry 4897 (class 1259 OID 18645)
-- Name: uniq_vendingmachine_inventory_number; Type: INDEX; Schema: public; Owner: postgres
--

CREATE UNIQUE INDEX uniq_vendingmachine_inventory_number ON public."VendingMachines" USING btree ("InventoryNumber");


--
-- TOC entry 4898 (class 1259 OID 18646)
-- Name: uniq_vendingmachine_serial_number; Type: INDEX; Schema: public; Owner: postgres
--

CREATE UNIQUE INDEX uniq_vendingmachine_serial_number ON public."VendingMachines" USING btree ("SerialNumber");


--
-- TOC entry 4908 (class 2606 OID 18605)
-- Name: MaintenanceRecords FK_MaintenanceRecords_Users_MaintainerId; Type: FK CONSTRAINT; Schema: public; Owner: postgres
--

ALTER TABLE ONLY public."MaintenanceRecords"
    ADD CONSTRAINT "FK_MaintenanceRecords_Users_MaintainerId" FOREIGN KEY ("MaintainerId") REFERENCES public."Users"("Id") ON DELETE CASCADE;


--
-- TOC entry 4909 (class 2606 OID 18610)
-- Name: MaintenanceRecords FK_MaintenanceRecords_VendingMachines_VendingMachineId; Type: FK CONSTRAINT; Schema: public; Owner: postgres
--

ALTER TABLE ONLY public."MaintenanceRecords"
    ADD CONSTRAINT "FK_MaintenanceRecords_VendingMachines_VendingMachineId" FOREIGN KEY ("VendingMachineId") REFERENCES public."VendingMachines"("Id") ON DELETE CASCADE;


--
-- TOC entry 4910 (class 2606 OID 18630)
-- Name: Sales FK_Sales_Products_ProductId; Type: FK CONSTRAINT; Schema: public; Owner: postgres
--

ALTER TABLE ONLY public."Sales"
    ADD CONSTRAINT "FK_Sales_Products_ProductId" FOREIGN KEY ("ProductId") REFERENCES public."Products"("Id") ON DELETE CASCADE;


--
-- TOC entry 4911 (class 2606 OID 18635)
-- Name: Sales FK_Sales_VendingMachines_VendingMachineId; Type: FK CONSTRAINT; Schema: public; Owner: postgres
--

ALTER TABLE ONLY public."Sales"
    ADD CONSTRAINT "FK_Sales_VendingMachines_VendingMachineId" FOREIGN KEY ("VendingMachineId") REFERENCES public."VendingMachines"("Id") ON DELETE CASCADE;


--
-- TOC entry 4907 (class 2606 OID 18586)
-- Name: VendingMachines FK_VendingMachines_Users_UserId; Type: FK CONSTRAINT; Schema: public; Owner: postgres
--

ALTER TABLE ONLY public."VendingMachines"
    ADD CONSTRAINT "FK_VendingMachines_Users_UserId" FOREIGN KEY ("UserId") REFERENCES public."Users"("Id") ON DELETE CASCADE;


-- Completed on 2026-01-19 19:06:36

--
-- PostgreSQL database dump complete
--

\unrestrict rAdPcHzQb719cL1OvQsQc2anVjIqvLmmTWA6ZjzDEmqepOC90QniIQUB7gj8Lto

